{
  "patients": [
    {
      "id": "1",
      "firstName": "John",
      "lastName": "Doe",
      "name": "John Doe",
      "dateOfBirth": "1985-03-15",
      "gender": "Male",
      "email": "john.doe@email.com",
      "phone": "5550101000",
      "address": "123 Main St, New York, NY 10001",
      "bloodGroup": "O+",
      "status": "Active",
      "lastVisit": "2024-11-10",
      "admissionDate": "2024-01-15",
      "medicalHistory": "Hypertension, managed with medication",
      "allergies": [
        "Penicillin",
        "Peanuts"
      ],
      "currentMedications": [
        "Lisinopril 10mg",
        "Aspirin 81mg"
      ],
      "currentMedication": "Lisinopril 10mg, Aspirin 81mg"
    },
    {
      "id": "2",
      "firstName": "Jane",
      "lastName": "Smith",
      "name": "Jane Smith",
      "dateOfBirth": "1990-07-22",
      "gender": "Female",
      "email": "jane.smith@email.com",
      "phone": "5550102000",
      "address": "456 Oak Ave, Los Angeles, CA 90001",
      "bloodGroup": "A+",
      "status": "Inactive",
      "lastVisit": "2026-01-07",
      "admissionDate": "2024-03-20",
      "medicalHistory": "Type 2 Diabetes, controlled with diet and medication",
      "allergies": [
        "Sulfa drugs"
      ],
      "currentMedications": [
        "Metformin 500mg",
        "Atorvastatin 20mg"
      ],
      "currentMedication": "Metformin 500mg, Atorvastatin 20mg"
    },
    {
      "id": "3",
      "firstName": "Robert",
      "lastName": "Johnson",
      "name": "Robert Johnson",
      "dateOfBirth": "1978-12-05",
      "gender": "Male",
      "email": "robert.j@email.com",
      "phone": "5550103000",
      "address": "789 Pine Rd, Chicago, IL 60601",
      "bloodGroup": "B+",
      "status": "Critical",
      "lastVisit": "2024-11-15",
      "admissionDate": "2024-11-10",
      "medicalHistory": "Recent cardiac event, under close monitoring",
      "allergies": [
        "Latex"
      ],
      "currentMedications": [
        "Warfarin 5mg",
        "Metoprolol 50mg",
        "Clopidogrel 75mg"
      ],
      "currentMedication": "Warfarin 5mg, Metoprolol 50mg, Clopidogrel 75mg"
    },
    {
      "id": "4",
      "firstName": "Emily",
      "lastName": "Davis",
      "name": "Emily Davis",
      "dateOfBirth": "1995-05-18",
      "gender": "Female",
      "email": "emily.davis@email.com",
      "phone": "5550104000",
      "address": "321 Elm St, Houston, TX 77001",
      "bloodGroup": "AB+",
      "status": "Active",
      "lastVisit": "2024-11-08",
      "admissionDate": "2024-05-12",
      "medicalHistory": "Asthma, well-controlled",
      "allergies": [
        "Dust mites"
      ],
      "currentMedications": [
        "Albuterol inhaler",
        "Fluticasone inhaler"
      ],
      "currentMedication": "Albuterol inhaler, Fluticasone inhaler"
    },
    {
      "id": "5",
      "firstName": "Michael",
      "lastName": "Brown",
      "name": "Michael Brown",
      "dateOfBirth": "1982-09-30",
      "gender": "Male",
      "email": "michael.brown1@email.com",
      "phone": "5550105022",
      "address": "654 Maple Dr, Phoenix, AZ 85001",
      "bloodGroup": "O-",
      "status": "Inactive",
      "lastVisit": "2026-01-08",
      "admissionDate": "2024-02-10",
      "medicalHistory": "No significant medical history",
      "allergies": [],
      "currentMedications": [],
      "currentMedication": ""
    },
    {
      "id": "0262",
      "firstName": "Sammy",
      "lastName": "SS",
      "name": "Sammy SS",
      "email": "jane.smith12@email.com",
      "phone": "5550102000",
      "dateOfBirth": "2026-01-03",
      "gender": "Male",
      "bloodGroup": "A+",
      "address": "456 Oak Ave, Los Angeles, CA 90001",
      "status": "Active",
      "lastVisit": "2026-01-08",
      "admissionDate": "2026-01-08",
      "medicalHistory": "No medical history provided",
      "allergies": [],
      "currentMedications": [],
      "currentMedication": ""
    }
  ]
}